Title,Year,Synopsis,Review,Language,Sentiment
Titre,Année,"['<pad>', '', 'Synopsis', '</s>']","['<pad>', 'Critic', 'ism', 's', '</s>']",French,"[{'label': 'NEGATIVE', 'score': 0.7252832055091858}, {'label': 'NEGATIVE', 'score': 0.9214233756065369}, {'label': 'NEGATIVE', 'score': 0.9860613346099854}, {'label': 'POSITIVE', 'score': 0.962313711643219}, {'label': 'POSITIVE', 'score': 0.8094701766967773}]"
La La Land,2016,"['<pad>', 'This', 'musical', 'tells', 'the', 'story', 'of', 'a', 'bud', 'ding', 'actress', 'and', 'jazz', 'pianist', 'who', 'fall', 'in', 'love', 'in', 'Los', 'Angeles', '.', 'The', 'film', 'was', 'hail', 'ed', 'for', 'its', 'enchant', 'ing', 'music', ',', 'da', 'zz', 'ling', 'dance', 'scenes', 'and', 'exceptional', 'performances', '.', '</s>']","['<pad>', '""', 'The', 'Land', 'is', 'an', 'absolutely', 'beautiful', 'film', 'with', 'songs', 'that', 'stay', 'in', 'the', 'head', 'for', 'days', '.', 'The', 'actors', 'are', 'incredible', 'and', 'their', 'al', 'chem', 'y', 'is', 'pal', 'p', 'able', '.', 'The', 'dance', 'scenes', 'are', 'absolutely', 'da', 'zz', 'ling', 'and', 'the', 'story', 'is', 'touching', 'and', 'authentic', '.""', '</s>']",French,"[{'label': 'NEGATIVE', 'score': 0.7252832055091858}, {'label': 'POSITIVE', 'score': 0.9775683879852295}, {'label': 'POSITIVE', 'score': 0.9635980725288391}, {'label': 'POSITIVE', 'score': 0.999506950378418}, {'label': 'POSITIVE', 'score': 0.9274746775627136}, {'label': 'POSITIVE', 'score': 0.992645263671875}, {'label': 'POSITIVE', 'score': 0.9998694658279419}, {'label': 'POSITIVE', 'score': 0.9998807907104492}, {'label': 'POSITIVE', 'score': 0.9975987076759338}, {'label': 'POSITIVE', 'score': 0.9825525283813477}, {'label': 'POSITIVE', 'score': 0.9961133003234863}, {'label': 'POSITIVE', 'score': 0.9894816875457764}, {'label': 'POSITIVE', 'score': 0.9991907477378845}, {'label': 'POSITIVE', 'score': 0.9789573550224304}, {'label': 'POSITIVE', 'score': 0.9635980725288391}, {'label': 'POSITIVE', 'score': 0.9758301973342896}, {'label': 'POSITIVE', 'score': 0.9700977802276611}, {'label': 'POSITIVE', 'score': 0.9492496848106384}, {'label': 'POSITIVE', 'score': 0.9668781757354736}, {'label': 'POSITIVE', 'score': 0.9635980725288391}, {'label': 'POSITIVE', 'score': 0.9910022616386414}, {'label': 'POSITIVE', 'score': 0.9784748554229736}, {'label': 'POSITIVE', 'score': 0.9998753070831299}, {'label': 'POSITIVE', 'score': 0.9708179831504822}, {'label': 'POSITIVE', 'score': 0.9711911082267761}, {'label': 'POSITIVE', 'score': 0.9902620911598206}, {'label': 'NEGATIVE', 'score': 0.9702641367912292}, {'label': 'POSITIVE', 'score': 0.9452086091041565}, {'label': 'POSITIVE', 'score': 0.9274746775627136}, {'label': 'POSITIVE', 'score': 0.8358222246170044}, {'label': 'NEGATIVE', 'score': 0.5954516530036926}, {'label': 'POSITIVE', 'score': 0.9998272061347961}, {'label': 'POSITIVE', 'score': 0.9668781757354736}, {'label': 'POSITIVE', 'score': 0.9635980725288391}, {'label': 'POSITIVE', 'score': 0.9993353486061096}, {'label': 'POSITIVE', 'score': 0.987888753414154}, {'label': 'POSITIVE', 'score': 0.9784748554229736}, {'label': 'POSITIVE', 'score': 0.9998694658279419}, {'label': 'NEGATIVE', 'score': 0.8507182598114014}, {'label': 'POSITIVE', 'score': 0.7978732585906982}, {'label': 'POSITIVE', 'score': 0.9534183144569397}, {'label': 'POSITIVE', 'score': 0.9708179831504822}, {'label': 'POSITIVE', 'score': 0.9635980725288391}, {'label': 'POSITIVE', 'score': 0.994269609451294}, {'label': 'POSITIVE', 'score': 0.9274746775627136}, {'label': 'POSITIVE', 'score': 0.9998680353164673}, {'label': 'POSITIVE', 'score': 0.9708179831504822}, {'label': 'POSITIVE', 'score': 0.9998562335968018}, {'label': 'POSITIVE', 'score': 0.991947591304779}, {'label': 'POSITIVE', 'score': 0.8094701766967773}]"
Intouchables,2011,"['<pad>', 'This', 'film', 'tells', 'the', 'story', 'of', 'the', 'unlikely', 'friendship', 'between', 'a', 'tetra', 'ple', 'g', 'ic', 'man', 'and', 'his', 'home', 'help', 'er', ',', 'a', 'young', 'man', 'from', 'the', 'suburbs', '.', 'The', 'film', 'was', 'hail', 'ed', 'for', 'his', 'intelligent', 'humour', ',', 'his', 'moving', 'performances', 'and', 'his', 'universal', 'message', 'of', 'friendship', 'and', 'understanding', '.', '</s>']","['<pad>', '""', 'Un', 'touch', 'able', 's', 'is', 'an', 'incredibly', 'touching', 'film', 'with', 'incredible', 'actors', 'and', 'an', 'inspiring', 'story', '.', 'The', 'joke', 's', 'are', 'smart', 'and', 'never', 'offensive', ',', 'and', 'the', 'emotion', 'is', 'perfectly', 'dose', 'd', '.', 'It', 'is', 'a', 'film', 'that', 'will', 'make', 'you', 'laugh', 'and', 'cry', ',', 'and', 'that', 'will', 'remind', 'you', 'of', 'the', 'importance', 'of', 'friendship', 'and', 'compassion', '.""', '</s>']",French,"[{'label': 'NEGATIVE', 'score': 0.7252832055091858}, {'label': 'POSITIVE', 'score': 0.9775683879852295}, {'label': 'NEGATIVE', 'score': 0.9960596561431885}, {'label': 'POSITIVE', 'score': 0.9997578263282776}, {'label': 'POSITIVE', 'score': 0.9998272061347961}, {'label': 'POSITIVE', 'score': 0.962313711643219}, {'label': 'POSITIVE', 'score': 0.9274746775627136}, {'label': 'POSITIVE', 'score': 0.992645263671875}, {'label': 'POSITIVE', 'score': 0.9985119700431824}, {'label': 'POSITIVE', 'score': 0.9998680353164673}, {'label': 'POSITIVE', 'score': 0.9975987076759338}, {'label': 'POSITIVE', 'score': 0.9825525283813477}, {'label': 'POSITIVE', 'score': 0.9998753070831299}, {'label': 'POSITIVE', 'score': 0.9910022616386414}, {'label': 'POSITIVE', 'score': 0.9708179831504822}, {'label': 'POSITIVE', 'score': 0.992645263671875}, {'label': 'POSITIVE', 'score': 0.9998757839202881}, {'label': 'POSITIVE', 'score': 0.994269609451294}, {'label': 'POSITIVE', 'score': 0.9668781757354736}, {'label': 'POSITIVE', 'score': 0.9635980725288391}, {'label': 'NEGATIVE', 'score': 0.9981196522712708}, {'label': 'POSITIVE', 'score': 0.962313711643219}, {'label': 'POSITIVE', 'score': 0.9784748554229736}, {'label': 'POSITIVE', 'score': 0.9998456239700317}, {'label': 'POSITIVE', 'score': 0.9708179831504822}, {'label': 'NEGATIVE', 'score': 0.9904738068580627}, {'label': 'NEGATIVE', 'score': 0.9997712969779968}, {'label': 'POSITIVE', 'score': 0.8923608660697937}, {'label': 'POSITIVE', 'score': 0.9708179831504822}, {'label': 'POSITIVE', 'score': 0.9635980725288391}, {'label': 'POSITIVE', 'score': 0.9969881176948547}, {'label': 'POSITIVE', 'score': 0.9274746775627136}, {'label': 'POSITIVE', 'score': 0.9998428821563721}, {'label': 'POSITIVE', 'score': 0.602671205997467}, {'label': 'POSITIVE', 'score': 0.9728984832763672}, {'label': 'POSITIVE', 'score': 0.9668781757354736}, {'label': 'POSITIVE', 'score': 0.9926723837852478}, {'label': 'POSITIVE', 'score': 0.9274746775627136}, {'label': 'POSITIVE', 'score': 0.9872909188270569}, {'label': 'POSITIVE', 'score': 0.9975987076759338}, {'label': 'POSITIVE', 'score': 0.9894816875457764}, {'label': 'POSITIVE', 'score': 0.9996687173843384}, {'label': 'POSITIVE', 'score': 0.9995766282081604}, {'label': 'POSITIVE', 'score': 0.9991247057914734}, {'label': 'POSITIVE', 'score': 0.9998040795326233}, {'label': 'POSITIVE', 'score': 0.9708179831504822}, {'label': 'NEGATIVE', 'score': 0.9990143775939941}, {'label': 'POSITIVE', 'score': 0.8923608660697937}, {'label': 'POSITIVE', 'score': 0.9708179831504822}, {'label': 'POSITIVE', 'score': 0.9894816875457764}, {'label': 'POSITIVE', 'score': 0.9996687173843384}, {'label': 'POSITIVE', 'score': 0.9983002543449402}, {'label': 'POSITIVE', 'score': 0.9991247057914734}, {'label': 'POSITIVE', 'score': 0.9193395972251892}, {'label': 'POSITIVE', 'score': 0.9635980725288391}, {'label': 'POSITIVE', 'score': 0.9998264908790588}, {'label': 'POSITIVE', 'score': 0.9193395972251892}, {'label': 'POSITIVE', 'score': 0.9998594522476196}, {'label': 'POSITIVE', 'score': 0.9708179831504822}, {'label': 'POSITIVE', 'score': 0.9997401833534241}, {'label': 'POSITIVE', 'score': 0.991947591304779}, {'label': 'POSITIVE', 'score': 0.8094701766967773}]"
Amélie,2001,"['<pad>', 'This', 'romantic', 'comedy', 'tells', 'the', 'story', 'of', 'A', 'mé', 'lie', ',', 'a', 'shy', 'and', 'dream', 'y', 'young', 'woman', 'who', 'decides', 'to', 'change', 'the', 'lives', 'of', 'people', 'around', 'her', '.', 'The', 'film', 'was', 'hail', 'ed', 'for', 'her', 'colorful', 'and', 'i', 'mag', 'in', 'ative', 'aesthetic', ',', 'her', 'enchant', 'ing', 'original', 'tape', 'and', 'the', 'charism', 'atic', 'performance', 'of', 'A', 'ud', 'rey', 'Tau', 'tou', '.', '</s>']","['<pad>', '""', 'A', 'mé', 'lie', 'is', 'an', 'absolutely', 'charming', 'film', 'that', 'will', 'make', 'you', 'smile', 'from', 'beginning', 'to', 'end', '.', 'The', 'aesthetic', 's', 'of', 'the', 'film', 'is', 'beautiful', 'and', 'i', 'mag', 'in', 'ative', ',', 'and', 'the', 'music', 'is', 'enchant', 'ing', '.', 'A', 'ud', 'rey', 'Tau', 'tou', 'is', 'incredibly', 'charism', 'atic', 'in', 'the', 'title', 'role', ',', 'and', 'the', 'story', 'is', 'full', 'of', 'touching', 'moments', 'and', 'unforgettable', 'characters', '.""', '</s>']",French,"[{'label': 'NEGATIVE', 'score': 0.7252832055091858}, {'label': 'POSITIVE', 'score': 0.9775683879852295}, {'label': 'POSITIVE', 'score': 0.9872909188270569}, {'label': 'POSITIVE', 'score': 0.9947214126586914}, {'label': 'NEGATIVE', 'score': 0.9994667172431946}, {'label': 'POSITIVE', 'score': 0.9274746775627136}, {'label': 'POSITIVE', 'score': 0.992645263671875}, {'label': 'POSITIVE', 'score': 0.9998694658279419}, {'label': 'POSITIVE', 'score': 0.9998776912689209}, {'label': 'POSITIVE', 'score': 0.9975987076759338}, {'label': 'POSITIVE', 'score': 0.9894816875457764}, {'label': 'POSITIVE', 'score': 0.9996687173843384}, {'label': 'POSITIVE', 'score': 0.9995766282081604}, {'label': 'POSITIVE', 'score': 0.9991247057914734}, {'label': 'POSITIVE', 'score': 0.9998525381088257}, {'label': 'POSITIVE', 'score': 0.7563389539718628}, {'label': 'POSITIVE', 'score': 0.9965935349464417}, {'label': 'POSITIVE', 'score': 0.9652853012084961}, {'label': 'NEGATIVE', 'score': 0.9941535592079163}, {'label': 'POSITIVE', 'score': 0.9668781757354736}, {'label': 'POSITIVE', 'score': 0.9635980725288391}, {'label': 'POSITIVE', 'score': 0.999225378036499}, {'label': 'POSITIVE', 'score': 0.962313711643219}, {'label': 'POSITIVE', 'score': 0.9193395972251892}, {'label': 'POSITIVE', 'score': 0.9635980725288391}, {'label': 'POSITIVE', 'score': 0.9975987076759338}, {'label': 'POSITIVE', 'score': 0.9274746775627136}, {'label': 'POSITIVE', 'score': 0.9998807907104492}, {'label': 'POSITIVE', 'score': 0.9708179831504822}, {'label': 'POSITIVE', 'score': 0.9797317385673523}, {'label': 'NEGATIVE', 'score': 0.9491553902626038}, {'label': 'POSITIVE', 'score': 0.9789573550224304}, {'label': 'POSITIVE', 'score': 0.9892219305038452}, {'label': 'POSITIVE', 'score': 0.8923608660697937}, {'label': 'POSITIVE', 'score': 0.9708179831504822}, {'label': 'POSITIVE', 'score': 0.9635980725288391}, {'label': 'POSITIVE', 'score': 0.9980834722518921}, {'label': 'POSITIVE', 'score': 0.9274746775627136}, {'label': 'POSITIVE', 'score': 0.9997934699058533}, {'label': 'POSITIVE', 'score': 0.9938780665397644}, {'label': 'POSITIVE', 'score': 0.9668781757354736}, {'label': 'POSITIVE', 'score': 0.9872909188270569}, {'label': 'NEGATIVE', 'score': 0.9854267835617065}, {'label': 'POSITIVE', 'score': 0.9977003931999207}, {'label': 'NEGATIVE', 'score': 0.915168285369873}, {'label': 'POSITIVE', 'score': 0.9484472274780273}, {'label': 'POSITIVE', 'score': 0.9274746775627136}, {'label': 'POSITIVE', 'score': 0.9985119700431824}, {'label': 'POSITIVE', 'score': 0.9997827410697937}, {'label': 'POSITIVE', 'score': 0.8845117688179016}, {'label': 'POSITIVE', 'score': 0.9789573550224304}, {'label': 'POSITIVE', 'score': 0.9635980725288391}, {'label': 'POSITIVE', 'score': 0.9987114667892456}, {'label': 'POSITIVE', 'score': 0.996441662311554}, {'label': 'POSITIVE', 'score': 0.8923608660697937}, {'label': 'POSITIVE', 'score': 0.9708179831504822}, {'label': 'POSITIVE', 'score': 0.9635980725288391}, {'label': 'POSITIVE', 'score': 0.994269609451294}, {'label': 'POSITIVE', 'score': 0.9274746775627136}, {'label': 'POSITIVE', 'score': 0.9994632601737976}, {'label': 'POSITIVE', 'score': 0.9193395972251892}, {'label': 'POSITIVE', 'score': 0.9998680353164673}, {'label': 'POSITIVE', 'score': 0.9971317052841187}, {'label': 'POSITIVE', 'score': 0.9708179831504822}, {'label': 'POSITIVE', 'score': 0.9998680353164673}, {'label': 'POSITIVE', 'score': 0.993722140789032}, {'label': 'POSITIVE', 'score': 0.991947591304779}, {'label': 'POSITIVE', 'score': 0.8094701766967773}]"
Les Choristes,2004,"['<pad>', 'This', 'film', 'tells', 'the', 'story', 'of', 'a', 'music', 'teacher', 'who', 'tries', 'to', 'change', 'the', 'lives', 'of', 'the', 'difficult', 'students', 'of', 'a', 'boarding', 'school', 'for', 'children', 'in', 'difficulty', '.', 'The', 'film', 'was', 'hail', 'ed', 'for', 'his', 'moving', 'music', ',', 'his', 'da', 'zz', 'ling', 'performances', 'and', 'his', 'ability', 'to', 'reach', 'the', 'heart', 'of', 'the', 'audience', '.', '</s>']","['<pad>', '""', 'The', 'Cho', 'rist', 'es', 'are', 'a', 'beautiful', 'film', 'that', 'will', 'make', 'you', 'laugh', 'and', 'cry', '.', 'The', 'music', 'is', 'absolutely', 'moving', 'and', 'the', 'performances', 'are', 'incredible', ',', 'especially', 'that', 'of', 'young', 'actors', '.', 'History', 'is', 'touching', 'and', 'universal', ',', 'and', 'it', 'shows', 'the', 'importance', 'of', 'art', 'and', 'education', 'to', 'transform', 'lives', '.""', '</s>']",French,"[{'label': 'NEGATIVE', 'score': 0.7252832055091858}, {'label': 'POSITIVE', 'score': 0.9775683879852295}, {'label': 'POSITIVE', 'score': 0.9635980725288391}, {'label': 'POSITIVE', 'score': 0.9879251718521118}, {'label': 'POSITIVE', 'score': 0.5533440709114075}, {'label': 'POSITIVE', 'score': 0.9877616167068481}, {'label': 'POSITIVE', 'score': 0.9784748554229736}, {'label': 'POSITIVE', 'score': 0.9872909188270569}, {'label': 'POSITIVE', 'score': 0.9998807907104492}, {'label': 'POSITIVE', 'score': 0.9975987076759338}, {'label': 'POSITIVE', 'score': 0.9894816875457764}, {'label': 'POSITIVE', 'score': 0.9996687173843384}, {'label': 'POSITIVE', 'score': 0.9995766282081604}, {'label': 'POSITIVE', 'score': 0.9991247057914734}, {'label': 'POSITIVE', 'score': 0.9998040795326233}, {'label': 'POSITIVE', 'score': 0.9708179831504822}, {'label': 'NEGATIVE', 'score': 0.9990143775939941}, {'label': 'POSITIVE', 'score': 0.9668781757354736}, {'label': 'POSITIVE', 'score': 0.9635980725288391}, {'label': 'POSITIVE', 'score': 0.9980834722518921}, {'label': 'POSITIVE', 'score': 0.9274746775627136}, {'label': 'POSITIVE', 'score': 0.9998694658279419}, {'label': 'POSITIVE', 'score': 0.9998663663864136}, {'label': 'POSITIVE', 'score': 0.9708179831504822}, {'label': 'POSITIVE', 'score': 0.9635980725288391}, {'label': 'POSITIVE', 'score': 0.9995226860046387}, {'label': 'POSITIVE', 'score': 0.9784748554229736}, {'label': 'POSITIVE', 'score': 0.9998753070831299}, {'label': 'POSITIVE', 'score': 0.8923608660697937}, {'label': 'POSITIVE', 'score': 0.9844610095024109}, {'label': 'POSITIVE', 'score': 0.9894816875457764}, {'label': 'POSITIVE', 'score': 0.9193395972251892}, {'label': 'POSITIVE', 'score': 0.9963635802268982}, {'label': 'POSITIVE', 'score': 0.9910022616386414}, {'label': 'POSITIVE', 'score': 0.9668781757354736}, {'label': 'POSITIVE', 'score': 0.9964542388916016}, {'label': 'POSITIVE', 'score': 0.9274746775627136}, {'label': 'POSITIVE', 'score': 0.9998680353164673}, {'label': 'POSITIVE', 'score': 0.9708179831504822}, {'label': 'POSITIVE', 'score': 0.9998520612716675}, {'label': 'POSITIVE', 'score': 0.8923608660697937}, {'label': 'POSITIVE', 'score': 0.9708179831504822}, {'label': 'POSITIVE', 'score': 0.9926723837852478}, {'label': 'POSITIVE', 'score': 0.9949500560760498}, {'label': 'POSITIVE', 'score': 0.9635980725288391}, {'label': 'POSITIVE', 'score': 0.9998264908790588}, {'label': 'POSITIVE', 'score': 0.9193395972251892}, {'label': 'POSITIVE', 'score': 0.999158501625061}, {'label': 'POSITIVE', 'score': 0.9708179831504822}, {'label': 'POSITIVE', 'score': 0.998958945274353}, {'label': 'POSITIVE', 'score': 0.9652853012084961}, {'label': 'POSITIVE', 'score': 0.9992879033088684}, {'label': 'POSITIVE', 'score': 0.9988448619842529}, {'label': 'POSITIVE', 'score': 0.991947591304779}, {'label': 'POSITIVE', 'score': 0.8094701766967773}]"
Le Fabuleux Destin d'Amélie Poulain,2001,"['<pad>', 'This', 'romantic', 'comedy', 'tells', 'the', 'story', 'of', 'A', 'mé', 'lie', ',', 'a', 'shy', 'young', 'woman', 'who', 'decides', 'to', 'change', 'the', 'lives', 'of', 'people', 'around', 'her', '.', 'The', 'film', 'was', 'hail', 'ed', 'for', 'her', 'colorful', 'and', 'i', 'mag', 'in', 'ative', 'aesthetic', 's', ',', 'her', 'enchant', 'ing', 'sound', 'track', 'and', 'the', 'charism', 'atic', 'performance', 'of', 'A', 'ud', 'rey', 'Tau', 'tou', '.', '</s>']","['<pad>', '""', 'The', '', 'Fabulous', 'Des', 'tin', 'y', 'of', 'A', 'mé', 'lie', 'Poul', 'a', 'in', 'is', 'an', 'absolutely', 'charming', 'film', 'that', 'will', 'make', 'you', 'smile', 'from', 'beginning', 'to', 'end', '.', 'The', 'aesthetic', 's', 'of', 'the', 'film', 'is', 'magnificent', 'and', 'i', 'mag', 'in', 'ative', ',', 'and', 'the', 'music', 'is', 'enchant', 'ing', '.', 'A', 'ud', 'rey', 'Tau', 'tou', 'is', 'incredibly', 'charism', 'atic', 'in', 'the', 'title', 'role', ',', 'and', 'the', 'story', 'is', 'full', 'of', 'touching', 'moments', 'and', 'unforgettable', 'characters', '.""', '</s>']",French,"[{'label': 'NEGATIVE', 'score': 0.7252832055091858}, {'label': 'POSITIVE', 'score': 0.9775683879852295}, {'label': 'POSITIVE', 'score': 0.9635980725288391}, {'label': 'POSITIVE', 'score': 0.748120903968811}, {'label': 'POSITIVE', 'score': 0.9998722076416016}, {'label': 'NEGATIVE', 'score': 0.8582071661949158}, {'label': 'NEGATIVE', 'score': 0.9463070631027222}, {'label': 'POSITIVE', 'score': 0.9452086091041565}, {'label': 'POSITIVE', 'score': 0.9193395972251892}, {'label': 'POSITIVE', 'score': 0.9872909188270569}, {'label': 'POSITIVE', 'score': 0.9947214126586914}, {'label': 'NEGATIVE', 'score': 0.9994667172431946}, {'label': 'POSITIVE', 'score': 0.9155975580215454}, {'label': 'POSITIVE', 'score': 0.9872909188270569}, {'label': 'POSITIVE', 'score': 0.9789573550224304}, {'label': 'POSITIVE', 'score': 0.9274746775627136}, {'label': 'POSITIVE', 'score': 0.992645263671875}, {'label': 'POSITIVE', 'score': 0.9998694658279419}, {'label': 'POSITIVE', 'score': 0.9998776912689209}, {'label': 'POSITIVE', 'score': 0.9975987076759338}, {'label': 'POSITIVE', 'score': 0.9894816875457764}, {'label': 'POSITIVE', 'score': 0.9996687173843384}, {'label': 'POSITIVE', 'score': 0.9995766282081604}, {'label': 'POSITIVE', 'score': 0.9991247057914734}, {'label': 'POSITIVE', 'score': 0.9998525381088257}, {'label': 'POSITIVE', 'score': 0.7563389539718628}, {'label': 'POSITIVE', 'score': 0.9965935349464417}, {'label': 'POSITIVE', 'score': 0.9652853012084961}, {'label': 'NEGATIVE', 'score': 0.9941535592079163}, {'label': 'POSITIVE', 'score': 0.9668781757354736}, {'label': 'POSITIVE', 'score': 0.9635980725288391}, {'label': 'POSITIVE', 'score': 0.999225378036499}, {'label': 'POSITIVE', 'score': 0.962313711643219}, {'label': 'POSITIVE', 'score': 0.9193395972251892}, {'label': 'POSITIVE', 'score': 0.9635980725288391}, {'label': 'POSITIVE', 'score': 0.9975987076759338}, {'label': 'POSITIVE', 'score': 0.9274746775627136}, {'label': 'POSITIVE', 'score': 0.9998722076416016}, {'label': 'POSITIVE', 'score': 0.9708179831504822}, {'label': 'POSITIVE', 'score': 0.9797317385673523}, {'label': 'NEGATIVE', 'score': 0.9491553902626038}, {'label': 'POSITIVE', 'score': 0.9789573550224304}, {'label': 'POSITIVE', 'score': 0.9892219305038452}, {'label': 'POSITIVE', 'score': 0.8923608660697937}, {'label': 'POSITIVE', 'score': 0.9708179831504822}, {'label': 'POSITIVE', 'score': 0.9635980725288391}, {'label': 'POSITIVE', 'score': 0.9980834722518921}, {'label': 'POSITIVE', 'score': 0.9274746775627136}, {'label': 'POSITIVE', 'score': 0.9997934699058533}, {'label': 'POSITIVE', 'score': 0.9938780665397644}, {'label': 'POSITIVE', 'score': 0.9668781757354736}, {'label': 'POSITIVE', 'score': 0.9872909188270569}, {'label': 'NEGATIVE', 'score': 0.9854267835617065}, {'label': 'POSITIVE', 'score': 0.9977003931999207}, {'label': 'NEGATIVE', 'score': 0.915168285369873}, {'label': 'POSITIVE', 'score': 0.9484472274780273}, {'label': 'POSITIVE', 'score': 0.9274746775627136}, {'label': 'POSITIVE', 'score': 0.9985119700431824}, {'label': 'POSITIVE', 'score': 0.9997827410697937}, {'label': 'POSITIVE', 'score': 0.8845117688179016}, {'label': 'POSITIVE', 'score': 0.9789573550224304}, {'label': 'POSITIVE', 'score': 0.9635980725288391}, {'label': 'POSITIVE', 'score': 0.9987114667892456}, {'label': 'POSITIVE', 'score': 0.996441662311554}, {'label': 'POSITIVE', 'score': 0.8923608660697937}, {'label': 'POSITIVE', 'score': 0.9708179831504822}, {'label': 'POSITIVE', 'score': 0.9635980725288391}, {'label': 'POSITIVE', 'score': 0.994269609451294}, {'label': 'POSITIVE', 'score': 0.9274746775627136}, {'label': 'POSITIVE', 'score': 0.9994632601737976}, {'label': 'POSITIVE', 'score': 0.9193395972251892}, {'label': 'POSITIVE', 'score': 0.9998680353164673}, {'label': 'POSITIVE', 'score': 0.9971317052841187}, {'label': 'POSITIVE', 'score': 0.9708179831504822}, {'label': 'POSITIVE', 'score': 0.9998680353164673}, {'label': 'POSITIVE', 'score': 0.993722140789032}, {'label': 'POSITIVE', 'score': 0.991947591304779}, {'label': 'POSITIVE', 'score': 0.8094701766967773}]"
Le Dîner de Cons,1998,"['<pad>', 'The', 'film', 'follows', 'the', 'story', 'of', 'a', 'group', 'of', 'rich', 'friends', 'who', 'organize', 'a', 'weekly', 'dinner', 'where', 'everyone', 'has', 'to', 'bring', 'a', '""', 'idi', 'ot', '""', 'to', 'make', 'fun', 'of', 'him', '.', 'When', 'one', 'of', 'the', 'guests', 'meets', 'a', 'guest', 'who', 'could', 'be', 'the', 'greatest', '""', 'idi', 'ot', '""', 'of', 'all', ',', 'things', 'don', ""'"", 't', 'go', 'as', 'planned', '.', '</s>']","['<pad>', '""', 'I', 'didn', ""'"", 't', 'like', 'this', 'movie', 'at', 'all', '.', 'The', 'concept', 'of', 'laughing', 'people', 'who', 'are', 'considered', 'idiot', 's', 'is', 'offensive', 'and', 'the', 'film', 'didn', ""'"", 't', 'make', 'me', 'laugh', '.', 'The', 'characters', 'are', 'all', 'unpleasant', 'and', 'the', 'story', 'is', 'boring', '.""', '</s>']",French,"[{'label': 'NEGATIVE', 'score': 0.7252832055091858}, {'label': 'POSITIVE', 'score': 0.9775683879852295}, {'label': 'POSITIVE', 'score': 0.9797317385673523}, {'label': 'POSITIVE', 'score': 0.9511585831642151}, {'label': 'POSITIVE', 'score': 0.9618720412254333}, {'label': 'NEGATIVE', 'score': 0.9681645035743713}, {'label': 'POSITIVE', 'score': 0.9910564422607422}, {'label': 'POSITIVE', 'score': 0.993144154548645}, {'label': 'POSITIVE', 'score': 0.9979015588760376}, {'label': 'POSITIVE', 'score': 0.9062350988388062}, {'label': 'POSITIVE', 'score': 0.9902591705322266}, {'label': 'POSITIVE', 'score': 0.9668781757354736}, {'label': 'POSITIVE', 'score': 0.9635980725288391}, {'label': 'POSITIVE', 'score': 0.9984318614006042}, {'label': 'POSITIVE', 'score': 0.9193395972251892}, {'label': 'POSITIVE', 'score': 0.9992620348930359}, {'label': 'POSITIVE', 'score': 0.985194742679596}, {'label': 'NEGATIVE', 'score': 0.7149431109428406}, {'label': 'POSITIVE', 'score': 0.9784748554229736}, {'label': 'POSITIVE', 'score': 0.9936251640319824}, {'label': 'NEGATIVE', 'score': 0.9997482895851135}, {'label': 'POSITIVE', 'score': 0.962313711643219}, {'label': 'POSITIVE', 'score': 0.9274746775627136}, {'label': 'NEGATIVE', 'score': 0.9997712969779968}, {'label': 'POSITIVE', 'score': 0.9708179831504822}, {'label': 'POSITIVE', 'score': 0.9635980725288391}, {'label': 'POSITIVE', 'score': 0.9975987076759338}, {'label': 'POSITIVE', 'score': 0.9511585831642151}, {'label': 'POSITIVE', 'score': 0.9618720412254333}, {'label': 'NEGATIVE', 'score': 0.9681645035743713}, {'label': 'POSITIVE', 'score': 0.9995766282081604}, {'label': 'POSITIVE', 'score': 0.9947214126586914}, {'label': 'POSITIVE', 'score': 0.9998040795326233}, {'label': 'POSITIVE', 'score': 0.9668781757354736}, {'label': 'POSITIVE', 'score': 0.9635980725288391}, {'label': 'POSITIVE', 'score': 0.993722140789032}, {'label': 'POSITIVE', 'score': 0.9784748554229736}, {'label': 'POSITIVE', 'score': 0.9902591705322266}, {'label': 'NEGATIVE', 'score': 0.999750554561615}, {'label': 'POSITIVE', 'score': 0.9708179831504822}, {'label': 'POSITIVE', 'score': 0.9635980725288391}, {'label': 'POSITIVE', 'score': 0.994269609451294}, {'label': 'POSITIVE', 'score': 0.9274746775627136}, {'label': 'NEGATIVE', 'score': 0.9997890591621399}, {'label': 'POSITIVE', 'score': 0.991947591304779}, {'label': 'POSITIVE', 'score': 0.8094701766967773}]"
La Tour Montparnasse Infernale,2001,"['<pad>', 'Two', 'in', 'competent', 'office', 'workers', 'find', 'themselves', 'trapped', 'in', 'the', 'elevator', 'of', 'the', 'Mont', 'par', 'n', 'asse', 'Tower', ',', 'which', 'is', 'being', 'sabotage', 'd', ',', 'and', 'they', 'must', 'save', 'the', 'building', 'and', 'its', 'occupants', 'before', 'it', 'is', 'too', 'late', '.', '</s>']","['<pad>', '""', 'I', 'can', ""'"", 't', 'believe', 'I', ""'"", 've', 'wasted', 'time', 'watching', 'this', 'nonsense', '.', 'The', 'film', 'is', 'full', 'of', 'stupid', 'joke', 's', 'and', 'scenes', 'that', 'are', 'simply', 'useless', '.', 'The', 'characters', 'are', 'i', 'rri', 't', 'ating', 'and', 'the', 'story', 'is', 'ridiculous', '.', 'Avoid', 'this', 'movie', 'at', 'any', 'cost', '.""', '</s>']",French,"[{'label': 'NEGATIVE', 'score': 0.7252832055091858}, {'label': 'POSITIVE', 'score': 0.9775683879852295}, {'label': 'POSITIVE', 'score': 0.9797317385673523}, {'label': 'POSITIVE', 'score': 0.9984523057937622}, {'label': 'POSITIVE', 'score': 0.9618720412254333}, {'label': 'NEGATIVE', 'score': 0.9681645035743713}, {'label': 'POSITIVE', 'score': 0.999480664730072}, {'label': 'POSITIVE', 'score': 0.9797317385673523}, {'label': 'POSITIVE', 'score': 0.9618720412254333}, {'label': 'POSITIVE', 'score': 0.9473837018013}, {'label': 'NEGATIVE', 'score': 0.9997658133506775}, {'label': 'POSITIVE', 'score': 0.9580850005149841}, {'label': 'POSITIVE', 'score': 0.9973477125167847}, {'label': 'POSITIVE', 'score': 0.993144154548645}, {'label': 'NEGATIVE', 'score': 0.9997804760932922}, {'label': 'POSITIVE', 'score': 0.9668781757354736}, {'label': 'POSITIVE', 'score': 0.9635980725288391}, {'label': 'POSITIVE', 'score': 0.9975987076759338}, {'label': 'POSITIVE', 'score': 0.9274746775627136}, {'label': 'POSITIVE', 'score': 0.9994632601737976}, {'label': 'POSITIVE', 'score': 0.9193395972251892}, {'label': 'NEGATIVE', 'score': 0.9997732043266296}, {'label': 'NEGATIVE', 'score': 0.9981196522712708}, {'label': 'POSITIVE', 'score': 0.962313711643219}, {'label': 'POSITIVE', 'score': 0.9708179831504822}, {'label': 'POSITIVE', 'score': 0.987888753414154}, {'label': 'POSITIVE', 'score': 0.9894816875457764}, {'label': 'POSITIVE', 'score': 0.9784748554229736}, {'label': 'POSITIVE', 'score': 0.9956340193748474}, {'label': 'NEGATIVE', 'score': 0.9997991919517517}, {'label': 'POSITIVE', 'score': 0.9668781757354736}, {'label': 'POSITIVE', 'score': 0.9635980725288391}, {'label': 'POSITIVE', 'score': 0.993722140789032}, {'label': 'POSITIVE', 'score': 0.9784748554229736}, {'label': 'POSITIVE', 'score': 0.9797317385673523}, {'label': 'NEGATIVE', 'score': 0.8506408929824829}, {'label': 'NEGATIVE', 'score': 0.9681645035743713}, {'label': 'POSITIVE', 'score': 0.8860535025596619}, {'label': 'POSITIVE', 'score': 0.9708179831504822}, {'label': 'POSITIVE', 'score': 0.9635980725288391}, {'label': 'POSITIVE', 'score': 0.994269609451294}, {'label': 'POSITIVE', 'score': 0.9274746775627136}, {'label': 'NEGATIVE', 'score': 0.9996989965438843}, {'label': 'POSITIVE', 'score': 0.9668781757354736}, {'label': 'NEGATIVE', 'score': 0.9996778964996338}, {'label': 'POSITIVE', 'score': 0.993144154548645}, {'label': 'POSITIVE', 'score': 0.9979015588760376}, {'label': 'POSITIVE', 'score': 0.9062350988388062}, {'label': 'POSITIVE', 'score': 0.9676826596260071}, {'label': 'POSITIVE', 'score': 0.9845148324966431}, {'label': 'POSITIVE', 'score': 0.991947591304779}, {'label': 'POSITIVE', 'score': 0.8094701766967773}]"
Astérix aux Jeux Olympiques,2008,"['<pad>', 'In', 'this', 'film', 'adaptation', 'of', 'the', 'popular', 'comic', 'strip', ',', 'A', 'ster', 'ix', 'and', 'O', 'bel', 'ix', 'participate', 'in', 'the', 'Olympic', 'Games', 'to', 'help', 'their', 'loving', 'friend', 'win', '.', '</s>']","['<pad>', '""', 'This', 'film', 'is', 'a', 'complete', 'disappointment', '.', 'The', 'joke', 's', 'are', 'of', 'no', 'interest', 'and', 'the', 'actors', 'seem', 'not', 'to', 'know', 'what', 'to', 'do', 'with', 'their', 'characters', '.', 'The', 'special', 'effects', 'are', 'bad', 'and', 'the', 'story', 'is', 'flat', 'and', 'predictable', '.', 'I', 'recommend', 'not', 'to', 'waste', 'your', 'time', 'watching', 'this', 'film', '.""', '</s>']",French,"[{'label': 'NEGATIVE', 'score': 0.7252832055091858}, {'label': 'POSITIVE', 'score': 0.9775683879852295}, {'label': 'POSITIVE', 'score': 0.993144154548645}, {'label': 'POSITIVE', 'score': 0.9975987076759338}, {'label': 'POSITIVE', 'score': 0.9274746775627136}, {'label': 'POSITIVE', 'score': 0.9872909188270569}, {'label': 'POSITIVE', 'score': 0.9995991587638855}, {'label': 'NEGATIVE', 'score': 0.9997949004173279}, {'label': 'POSITIVE', 'score': 0.9668781757354736}, {'label': 'POSITIVE', 'score': 0.9635980725288391}, {'label': 'NEGATIVE', 'score': 0.9981196522712708}, {'label': 'POSITIVE', 'score': 0.962313711643219}, {'label': 'POSITIVE', 'score': 0.9784748554229736}, {'label': 'POSITIVE', 'score': 0.9193395972251892}, {'label': 'NEGATIVE', 'score': 0.9964459538459778}, {'label': 'POSITIVE', 'score': 0.9994140863418579}, {'label': 'POSITIVE', 'score': 0.9708179831504822}, {'label': 'POSITIVE', 'score': 0.9635980725288391}, {'label': 'POSITIVE', 'score': 0.9910022616386414}, {'label': 'POSITIVE', 'score': 0.9501170516014099}, {'label': 'NEGATIVE', 'score': 0.99064701795578}, {'label': 'POSITIVE', 'score': 0.9652853012084961}, {'label': 'POSITIVE', 'score': 0.9947927594184875}, {'label': 'POSITIVE', 'score': 0.9942895174026489}, {'label': 'POSITIVE', 'score': 0.9652853012084961}, {'label': 'POSITIVE', 'score': 0.9962511658668518}, {'label': 'POSITIVE', 'score': 0.9825525283813477}, {'label': 'POSITIVE', 'score': 0.9711911082267761}, {'label': 'POSITIVE', 'score': 0.993722140789032}, {'label': 'POSITIVE', 'score': 0.9668781757354736}, {'label': 'POSITIVE', 'score': 0.9635980725288391}, {'label': 'POSITIVE', 'score': 0.9997221827507019}, {'label': 'POSITIVE', 'score': 0.9992460012435913}, {'label': 'POSITIVE', 'score': 0.9784748554229736}, {'label': 'NEGATIVE', 'score': 0.999782383441925}, {'label': 'POSITIVE', 'score': 0.9708179831504822}, {'label': 'POSITIVE', 'score': 0.9635980725288391}, {'label': 'POSITIVE', 'score': 0.994269609451294}, {'label': 'POSITIVE', 'score': 0.9274746775627136}, {'label': 'NEGATIVE', 'score': 0.9997658133506775}, {'label': 'POSITIVE', 'score': 0.9708179831504822}, {'label': 'NEGATIVE', 'score': 0.9997941851615906}, {'label': 'POSITIVE', 'score': 0.9668781757354736}, {'label': 'POSITIVE', 'score': 0.9797317385673523}, {'label': 'POSITIVE', 'score': 0.9998393058776855}, {'label': 'NEGATIVE', 'score': 0.99064701795578}, {'label': 'POSITIVE', 'score': 0.9652853012084961}, {'label': 'NEGATIVE', 'score': 0.9997934699058533}, {'label': 'POSITIVE', 'score': 0.9980940222740173}, {'label': 'POSITIVE', 'score': 0.9580850005149841}, {'label': 'POSITIVE', 'score': 0.9973477125167847}, {'label': 'POSITIVE', 'score': 0.993144154548645}, {'label': 'POSITIVE', 'score': 0.9975987076759338}, {'label': 'POSITIVE', 'score': 0.991947591304779}, {'label': 'POSITIVE', 'score': 0.8094701766967773}]"
Les Visiteurs en Amérique,2000,"['<pad>', 'In', 'this', 'continuation', 'of', 'the', 'French', 'comedy', 'The', 'Visitors', ',', 'the', 'characters', 'travel', 'through', 'time', 'to', 'modern', 'America', '.', '</s>']","['<pad>', '""', 'The', 'film', 'is', 'a', 'total', 'waste', 'of', 'time', '.', 'The', 'joke', 's', 'are', 'repetitive', 'and', 'boring', ',', 'the', 'characters', 'are', 'car', 'ic', 'atur', 'al', 'and', 'i', 'rri', 't', 'ating', ',', 'and', 'the', 'story', 'is', 'stupid', 'and', 'inconsistent', '.', 'I', 'do', 'not', 'recommend', 'this', 'film', 'to', 'anyone', '.""', '</s>']",French,"[{'label': 'NEGATIVE', 'score': 0.7252832055091858}, {'label': 'POSITIVE', 'score': 0.9775683879852295}, {'label': 'POSITIVE', 'score': 0.9635980725288391}, {'label': 'POSITIVE', 'score': 0.9975987076759338}, {'label': 'POSITIVE', 'score': 0.9274746775627136}, {'label': 'POSITIVE', 'score': 0.9872909188270569}, {'label': 'POSITIVE', 'score': 0.9983637928962708}, {'label': 'NEGATIVE', 'score': 0.9997934699058533}, {'label': 'POSITIVE', 'score': 0.9193395972251892}, {'label': 'POSITIVE', 'score': 0.9580850005149841}, {'label': 'POSITIVE', 'score': 0.9668781757354736}, {'label': 'POSITIVE', 'score': 0.9635980725288391}, {'label': 'NEGATIVE', 'score': 0.9981196522712708}, {'label': 'POSITIVE', 'score': 0.962313711643219}, {'label': 'POSITIVE', 'score': 0.9784748554229736}, {'label': 'NEGATIVE', 'score': 0.9998055100440979}, {'label': 'POSITIVE', 'score': 0.9708179831504822}, {'label': 'NEGATIVE', 'score': 0.9997890591621399}, {'label': 'POSITIVE', 'score': 0.8923608660697937}, {'label': 'POSITIVE', 'score': 0.9635980725288391}, {'label': 'POSITIVE', 'score': 0.993722140789032}, {'label': 'POSITIVE', 'score': 0.9784748554229736}, {'label': 'POSITIVE', 'score': 0.9959701299667358}, {'label': 'NEGATIVE', 'score': 0.8106443881988525}, {'label': 'POSITIVE', 'score': 0.9660221338272095}, {'label': 'POSITIVE', 'score': 0.9902620911598206}, {'label': 'POSITIVE', 'score': 0.9708179831504822}, {'label': 'POSITIVE', 'score': 0.9797317385673523}, {'label': 'NEGATIVE', 'score': 0.8506408929824829}, {'label': 'NEGATIVE', 'score': 0.9681645035743713}, {'label': 'POSITIVE', 'score': 0.8860535025596619}, {'label': 'POSITIVE', 'score': 0.8923608660697937}, {'label': 'POSITIVE', 'score': 0.9708179831504822}, {'label': 'POSITIVE', 'score': 0.9635980725288391}, {'label': 'POSITIVE', 'score': 0.994269609451294}, {'label': 'POSITIVE', 'score': 0.9274746775627136}, {'label': 'NEGATIVE', 'score': 0.9997732043266296}, {'label': 'POSITIVE', 'score': 0.9708179831504822}, {'label': 'NEGATIVE', 'score': 0.9994561076164246}, {'label': 'POSITIVE', 'score': 0.9668781757354736}, {'label': 'POSITIVE', 'score': 0.9797317385673523}, {'label': 'POSITIVE', 'score': 0.9962511658668518}, {'label': 'NEGATIVE', 'score': 0.99064701795578}, {'label': 'POSITIVE', 'score': 0.9998393058776855}, {'label': 'POSITIVE', 'score': 0.993144154548645}, {'label': 'POSITIVE', 'score': 0.9975987076759338}, {'label': 'POSITIVE', 'score': 0.9652853012084961}, {'label': 'POSITIVE', 'score': 0.9625333547592163}, {'label': 'POSITIVE', 'score': 0.991947591304779}, {'label': 'POSITIVE', 'score': 0.8094701766967773}]"
Babylon A.D.,2008,"['<pad>', 'In', 'the', 'distant', 'future', ',', 'a', 'mercenary', 'has', 'to', 'escort', 'a', 'woman', 'from', 'Russia', 'to', 'New', 'York', ',', 'but', 'when', 'she', 'discover', 's', 'that', 'the', 'woman', 'is', 'pregnant', 'with', 'a', 'very', 'special', 'child', ',', 'he', 'finds', 'himself', 'trained', 'in', 'a', 'deadly', 'conspiracy', '.', '</s>']","['<pad>', '""', 'This', 'film', 'is', 'a', 'complete', 'mess', '.', 'The', 'characters', 'are', 'of', 'no', 'interest', ',', 'the', 'plot', 'is', 'confused', 'and', 'the', 'special', 'effects', 'are', 'bad', '.', 'The', 'film', 'tries', 'to', 'be', 'smart', 'and', 'cool', ',', 'but', 'fails', 'lament', 'ably', '.', 'Avoid', 'this', 'film', 'at', 'all', 'costs', '.""', '</s>']",French,"[{'label': 'NEGATIVE', 'score': 0.7252832055091858}, {'label': 'POSITIVE', 'score': 0.9775683879852295}, {'label': 'POSITIVE', 'score': 0.993144154548645}, {'label': 'POSITIVE', 'score': 0.9975987076759338}, {'label': 'POSITIVE', 'score': 0.9274746775627136}, {'label': 'POSITIVE', 'score': 0.9872909188270569}, {'label': 'POSITIVE', 'score': 0.9995991587638855}, {'label': 'NEGATIVE', 'score': 0.9997983574867249}, {'label': 'POSITIVE', 'score': 0.9668781757354736}, {'label': 'POSITIVE', 'score': 0.9635980725288391}, {'label': 'POSITIVE', 'score': 0.993722140789032}, {'label': 'POSITIVE', 'score': 0.9784748554229736}, {'label': 'POSITIVE', 'score': 0.9193395972251892}, {'label': 'NEGATIVE', 'score': 0.9964459538459778}, {'label': 'POSITIVE', 'score': 0.9994140863418579}, {'label': 'POSITIVE', 'score': 0.8923608660697937}, {'label': 'POSITIVE', 'score': 0.9635980725288391}, {'label': 'POSITIVE', 'score': 0.9954723119735718}, {'label': 'POSITIVE', 'score': 0.9274746775627136}, {'label': 'NEGATIVE', 'score': 0.9994555115699768}, {'label': 'POSITIVE', 'score': 0.9708179831504822}, {'label': 'POSITIVE', 'score': 0.9635980725288391}, {'label': 'POSITIVE', 'score': 0.9997221827507019}, {'label': 'POSITIVE', 'score': 0.9992460012435913}, {'label': 'POSITIVE', 'score': 0.9784748554229736}, {'label': 'NEGATIVE', 'score': 0.999782383441925}, {'label': 'POSITIVE', 'score': 0.9668781757354736}, {'label': 'POSITIVE', 'score': 0.9635980725288391}, {'label': 'POSITIVE', 'score': 0.9975987076759338}, {'label': 'POSITIVE', 'score': 0.9823752045631409}, {'label': 'POSITIVE', 'score': 0.9652853012084961}, {'label': 'POSITIVE', 'score': 0.9619516730308533}, {'label': 'POSITIVE', 'score': 0.9998456239700317}, {'label': 'POSITIVE', 'score': 0.9708179831504822}, {'label': 'POSITIVE', 'score': 0.9998509883880615}, {'label': 'POSITIVE', 'score': 0.8923608660697937}, {'label': 'NEGATIVE', 'score': 0.910098671913147}, {'label': 'NEGATIVE', 'score': 0.999755322933197}, {'label': 'NEGATIVE', 'score': 0.9991393089294434}, {'label': 'POSITIVE', 'score': 0.9882460236549377}, {'label': 'POSITIVE', 'score': 0.9668781757354736}, {'label': 'NEGATIVE', 'score': 0.9996778964996338}, {'label': 'POSITIVE', 'score': 0.993144154548645}, {'label': 'POSITIVE', 'score': 0.9975987076759338}, {'label': 'POSITIVE', 'score': 0.9062350988388062}, {'label': 'POSITIVE', 'score': 0.9902591705322266}, {'label': 'NEGATIVE', 'score': 0.9670524001121521}, {'label': 'POSITIVE', 'score': 0.991947591304779}, {'label': 'POSITIVE', 'score': 0.8094701766967773}]"
Título,Año,"['<pad>', 'Overview', '</s>']","['<pad>', 'C', 'ritic', 'ism', 's', '</s>']",Spanish,"[{'label': 'NEGATIVE', 'score': 0.7252832055091858}, {'label': 'POSITIVE', 'score': 0.9845702052116394}, {'label': 'POSITIVE', 'score': 0.9910688400268555}, {'label': 'NEGATIVE', 'score': 0.9860613346099854}, {'label': 'POSITIVE', 'score': 0.962313711643219}, {'label': 'POSITIVE', 'score': 0.8094701766967773}]"
Roma,2018,"['<pad>', 'Cle', 'o', '(', 'Y', 'a', 'litz', 'a', 'A', 'par', 'icio', ')', 'is', 'a', 'young', 'domestic', 'worker', 'who', 'works', 'for', 'a', 'middle', '-', 'class', 'family', 'in', 'Mexico', 'City', 'during', 'the', '1970', 's', '.', 'The', 'film', 'follows', 'her', 'daily', 'life', 'and', 'relationships', 'with', 'her', 'family', 'and', 'her', 'community', '.', '</s>']","['<pad>', '""', 'Rom', 'e', 'is', 'a', 'beautiful', 'and', 'moving', 'film', 'that', 'pays', 'tribute', 'to', 'the', 'lives', 'of', 'domestic', 'workers', 'in', 'Mexico', '.', 'Cinema', 't', 'ography', 'is', 'impressive', 'and', 'Ya', 'litz', 'a', 'A', 'par', 'icio', ""'"", 's', 'performance', 'is', 'exceptional', '.""', '</s>']",Spanish,"[{'label': 'NEGATIVE', 'score': 0.7252832055091858}, {'label': 'POSITIVE', 'score': 0.9775683879852295}, {'label': 'POSITIVE', 'score': 0.9946492314338684}, {'label': 'POSITIVE', 'score': 0.814979076385498}, {'label': 'POSITIVE', 'score': 0.9274746775627136}, {'label': 'POSITIVE', 'score': 0.9872909188270569}, {'label': 'POSITIVE', 'score': 0.9998807907104492}, {'label': 'POSITIVE', 'score': 0.9708179831504822}, {'label': 'POSITIVE', 'score': 0.9998663663864136}, {'label': 'POSITIVE', 'score': 0.9975987076759338}, {'label': 'POSITIVE', 'score': 0.9894816875457764}, {'label': 'POSITIVE', 'score': 0.9980313181877136}, {'label': 'POSITIVE', 'score': 0.9995148181915283}, {'label': 'POSITIVE', 'score': 0.9652853012084961}, {'label': 'POSITIVE', 'score': 0.9635980725288391}, {'label': 'POSITIVE', 'score': 0.9988448619842529}, {'label': 'POSITIVE', 'score': 0.9193395972251892}, {'label': 'POSITIVE', 'score': 0.999408483505249}, {'label': 'POSITIVE', 'score': 0.9837070107460022}, {'label': 'POSITIVE', 'score': 0.9789573550224304}, {'label': 'POSITIVE', 'score': 0.994568943977356}, {'label': 'POSITIVE', 'score': 0.9668781757354736}, {'label': 'POSITIVE', 'score': 0.9972142577171326}, {'label': 'NEGATIVE', 'score': 0.9681645035743713}, {'label': 'POSITIVE', 'score': 0.9547555446624756}, {'label': 'POSITIVE', 'score': 0.9274746775627136}, {'label': 'POSITIVE', 'score': 0.999863862991333}, {'label': 'POSITIVE', 'score': 0.9708179831504822}, {'label': 'POSITIVE', 'score': 0.9804156422615051}, {'label': 'POSITIVE', 'score': 0.9506258964538574}, {'label': 'POSITIVE', 'score': 0.9872909188270569}, {'label': 'POSITIVE', 'score': 0.9872909188270569}, {'label': 'POSITIVE', 'score': 0.9627019166946411}, {'label': 'NEGATIVE', 'score': 0.9964157342910767}, {'label': 'POSITIVE', 'score': 0.9618720412254333}, {'label': 'POSITIVE', 'score': 0.962313711643219}, {'label': 'POSITIVE', 'score': 0.9996472597122192}, {'label': 'POSITIVE', 'score': 0.9274746775627136}, {'label': 'POSITIVE', 'score': 0.9998514652252197}, {'label': 'POSITIVE', 'score': 0.991947591304779}, {'label': 'POSITIVE', 'score': 0.8094701766967773}]"
La Casa de Papel,(2017-2021),"['<pad>', 'This', 'Spanish', 'television', 'series', 'follows', 'a', 'group', 'of', 'thieves', 'planning', 'an', 'ambitious', 'robbery', 'at', 'the', 'National', 'Currency', 'and', 'Tim', 'b', 're', 'Factory', '.', 'The', 'series', 'became', 'an', 'international', 'success', 'and', 'was', 'broadcast', 'worldwide', 'via', 'Net', 'f', 'lix', '.', '</s>']","['<pad>', '""', 'The', 'Paper', 'House', 'is', 'an', 'exciting', 'and', 'addictive', 'series', 'that', 'will', 'keep', 'you', 'on', 'edge', 'from', 'start', 'to', 'finish', '.', 'The', 'characters', 'are', 'complex', 'and', 'well', 'developed', ',', 'and', 'the', 'plot', 'is', 'smart', 'and', 'surprising', '.""', '</s>']",Spanish,"[{'label': 'NEGATIVE', 'score': 0.7252832055091858}, {'label': 'POSITIVE', 'score': 0.9775683879852295}, {'label': 'POSITIVE', 'score': 0.9635980725288391}, {'label': 'NEGATIVE', 'score': 0.508797824382782}, {'label': 'POSITIVE', 'score': 0.9971684813499451}, {'label': 'POSITIVE', 'score': 0.9274746775627136}, {'label': 'POSITIVE', 'score': 0.992645263671875}, {'label': 'POSITIVE', 'score': 0.9998730421066284}, {'label': 'POSITIVE', 'score': 0.9708179831504822}, {'label': 'POSITIVE', 'score': 0.9870347380638123}, {'label': 'POSITIVE', 'score': 0.9586288332939148}, {'label': 'POSITIVE', 'score': 0.9894816875457764}, {'label': 'POSITIVE', 'score': 0.9996687173843384}, {'label': 'POSITIVE', 'score': 0.9988995790481567}, {'label': 'POSITIVE', 'score': 0.9991247057914734}, {'label': 'POSITIVE', 'score': 0.987031877040863}, {'label': 'POSITIVE', 'score': 0.9986360669136047}, {'label': 'POSITIVE', 'score': 0.7563389539718628}, {'label': 'POSITIVE', 'score': 0.9976344108581543}, {'label': 'POSITIVE', 'score': 0.9652853012084961}, {'label': 'POSITIVE', 'score': 0.9959063529968262}, {'label': 'POSITIVE', 'score': 0.9668781757354736}, {'label': 'POSITIVE', 'score': 0.9635980725288391}, {'label': 'POSITIVE', 'score': 0.993722140789032}, {'label': 'POSITIVE', 'score': 0.9784748554229736}, {'label': 'POSITIVE', 'score': 0.9989448189735413}, {'label': 'POSITIVE', 'score': 0.9708179831504822}, {'label': 'POSITIVE', 'score': 0.9995703101158142}, {'label': 'POSITIVE', 'score': 0.9991911053657532}, {'label': 'POSITIVE', 'score': 0.8923608660697937}, {'label': 'POSITIVE', 'score': 0.9708179831504822}, {'label': 'POSITIVE', 'score': 0.9635980725288391}, {'label': 'POSITIVE', 'score': 0.9954723119735718}, {'label': 'POSITIVE', 'score': 0.9274746775627136}, {'label': 'POSITIVE', 'score': 0.9998456239700317}, {'label': 'POSITIVE', 'score': 0.9708179831504822}, {'label': 'POSITIVE', 'score': 0.9997362494468689}, {'label': 'POSITIVE', 'score': 0.991947591304779}, {'label': 'POSITIVE', 'score': 0.8094701766967773}]"
Y tu mamá también,2001,"['<pad>', 'Two', 'teenage', 'friends', '(', 'Ga', 'el', 'García', 'Bern', 'al', 'and', 'Diego', 'Luna', ')', 'embark', 'on', 'a', 'road', 'trip', 'with', 'an', 'older', 'woman', '(', 'Mar', 'i', 'bel', 'Ver', 'd', 'ú', ')', 'they', 'have', 'just', 'met', '.', 'The', 'film', 'addresses', 'issues', 'such', 'as', 'friendship', ',', 'sexuality', 'and', 'mortality', '.', '</s>']","['<pad>', '""', 'And', 'your', 'mom', 'is', 'also', 'a', 'movie', 'that', 'stays', 'with', 'you', 'long', 'after', 'it', 'ends', '.', 'Alfonso', 'Cu', 'ar', 'ó', 'n', ""'"", 's', 'direction', 'is', 'master', 'ful', ',', 'and', 'the', 'performance', 'of', 'the', 'three', 'protagonist', 's', 'is', 'excellent', '.""', '</s>']",Spanish,"[{'label': 'NEGATIVE', 'score': 0.7252832055091858}, {'label': 'POSITIVE', 'score': 0.9775683879852295}, {'label': 'POSITIVE', 'score': 0.9708179831504822}, {'label': 'POSITIVE', 'score': 0.9980940222740173}, {'label': 'POSITIVE', 'score': 0.9943076968193054}, {'label': 'POSITIVE', 'score': 0.9274746775627136}, {'label': 'POSITIVE', 'score': 0.9901549816131592}, {'label': 'POSITIVE', 'score': 0.9872909188270569}, {'label': 'POSITIVE', 'score': 0.9979015588760376}, {'label': 'POSITIVE', 'score': 0.9894816875457764}, {'label': 'POSITIVE', 'score': 0.9994693398475647}, {'label': 'POSITIVE', 'score': 0.9825525283813477}, {'label': 'POSITIVE', 'score': 0.9991247057914734}, {'label': 'NEGATIVE', 'score': 0.9940924048423767}, {'label': 'POSITIVE', 'score': 0.8846322298049927}, {'label': 'POSITIVE', 'score': 0.9926723837852478}, {'label': 'POSITIVE', 'score': 0.6853333711624146}, {'label': 'POSITIVE', 'score': 0.9668781757354736}, {'label': 'POSITIVE', 'score': 0.9962383508682251}, {'label': 'POSITIVE', 'score': 0.9971421360969543}, {'label': 'POSITIVE', 'score': 0.9414902925491333}, {'label': 'POSITIVE', 'score': 0.9977118968963623}, {'label': 'POSITIVE', 'score': 0.9506378173828125}, {'label': 'POSITIVE', 'score': 0.9618720412254333}, {'label': 'POSITIVE', 'score': 0.962313711643219}, {'label': 'POSITIVE', 'score': 0.9917317032814026}, {'label': 'POSITIVE', 'score': 0.9274746775627136}, {'label': 'POSITIVE', 'score': 0.9996134638786316}, {'label': 'NEGATIVE', 'score': 0.981468141078949}, {'label': 'POSITIVE', 'score': 0.8923608660697937}, {'label': 'POSITIVE', 'score': 0.9708179831504822}, {'label': 'POSITIVE', 'score': 0.9635980725288391}, {'label': 'POSITIVE', 'score': 0.9996472597122192}, {'label': 'POSITIVE', 'score': 0.9193395972251892}, {'label': 'POSITIVE', 'score': 0.9635980725288391}, {'label': 'POSITIVE', 'score': 0.993461012840271}, {'label': 'POSITIVE', 'score': 0.9935170412063599}, {'label': 'POSITIVE', 'score': 0.962313711643219}, {'label': 'POSITIVE', 'score': 0.9274746775627136}, {'label': 'POSITIVE', 'score': 0.9998434782028198}, {'label': 'POSITIVE', 'score': 0.991947591304779}, {'label': 'POSITIVE', 'score': 0.8094701766967773}]"
El Laberinto del Fauno,2006,"['<pad>', 'During', 'the', 'Spanish', 'post', 'war', 'period', ',', 'Of', 'elia', '(', 'I', 'van', 'a', 'Ba', 'que', 'ro', ')', 'moves', 'to', 'a', 'rural', 'area', 'with', 'her', 'mother', 'and', 'step', 'father', ',', 'a', 'captain', 'of', 'the', 'Franco', 'ist', 'army', '.', 'There', ',', 'she', 'discover', 's', 'a', 'fantastic', 'world', 'populated', 'by', 'magical', 'creatures', '.', '</s>']","['<pad>', '""', 'The', 'La', 'by', 'rin', 'th', 'of', 'Fau', 'no', 'is', 'a', 'fascinating', 'and', 'emotional', 'film', 'that', 'combines', 'the', 'reality', 'of', 'the', 'Spanish', 'post', 'war', 'period', 'with', 'elements', 'of', 'fantasy', '.', 'Guillermo', 'del', 'To', 'ro', ""'"", 's', 'direction', 'is', 'impressive', ',', 'and', 'Ivan', 'a', 'Ba', 'que', 'ro', ""'"", 's', 'performance', 'is', 'moving', '.""', '</s>']",Spanish,"[{'label': 'NEGATIVE', 'score': 0.7252832055091858}, {'label': 'POSITIVE', 'score': 0.9775683879852295}, {'label': 'POSITIVE', 'score': 0.9635980725288391}, {'label': 'POSITIVE', 'score': 0.6607568860054016}, {'label': 'POSITIVE', 'score': 0.9122672080993652}, {'label': 'POSITIVE', 'score': 0.9719954133033752}, {'label': 'POSITIVE', 'score': 0.7726708650588989}, {'label': 'POSITIVE', 'score': 0.9193395972251892}, {'label': 'POSITIVE', 'score': 0.9514086246490479}, {'label': 'NEGATIVE', 'score': 0.9964459538459778}, {'label': 'POSITIVE', 'score': 0.9274746775627136}, {'label': 'POSITIVE', 'score': 0.9872909188270569}, {'label': 'POSITIVE', 'score': 0.9998563528060913}, {'label': 'POSITIVE', 'score': 0.9708179831504822}, {'label': 'POSITIVE', 'score': 0.9941721558570862}, {'label': 'POSITIVE', 'score': 0.9975987076759338}, {'label': 'POSITIVE', 'score': 0.9894816875457764}, {'label': 'POSITIVE', 'score': 0.9990346431732178}, {'label': 'POSITIVE', 'score': 0.9635980725288391}, {'label': 'POSITIVE', 'score': 0.9979888200759888}, {'label': 'POSITIVE', 'score': 0.9193395972251892}, {'label': 'POSITIVE', 'score': 0.9635980725288391}, {'label': 'POSITIVE', 'score': 0.9982176423072815}, {'label': 'POSITIVE', 'score': 0.9254167675971985}, {'label': 'NEGATIVE', 'score': 0.9994986057281494}, {'label': 'POSITIVE', 'score': 0.9321250319480896}, {'label': 'POSITIVE', 'score': 0.9825525283813477}, {'label': 'POSITIVE', 'score': 0.999017596244812}, {'label': 'POSITIVE', 'score': 0.9193395972251892}, {'label': 'POSITIVE', 'score': 0.9949464201927185}, {'label': 'POSITIVE', 'score': 0.9668781757354736}, {'label': 'POSITIVE', 'score': 0.9956082701683044}, {'label': 'POSITIVE', 'score': 0.9982149600982666}, {'label': 'POSITIVE', 'score': 0.9652853012084961}, {'label': 'POSITIVE', 'score': 0.9676507711410522}, {'label': 'POSITIVE', 'score': 0.9618720412254333}, {'label': 'POSITIVE', 'score': 0.962313711643219}, {'label': 'POSITIVE', 'score': 0.9917317032814026}, {'label': 'POSITIVE', 'score': 0.9274746775627136}, {'label': 'POSITIVE', 'score': 0.999863862991333}, {'label': 'POSITIVE', 'score': 0.8923608660697937}, {'label': 'POSITIVE', 'score': 0.9708179831504822}, {'label': 'POSITIVE', 'score': 0.9970430731773376}, {'label': 'POSITIVE', 'score': 0.9872909188270569}, {'label': 'POSITIVE', 'score': 0.9782816767692566}, {'label': 'POSITIVE', 'score': 0.6978811025619507}, {'label': 'POSITIVE', 'score': 0.9676507711410522}, {'label': 'POSITIVE', 'score': 0.9618720412254333}, {'label': 'POSITIVE', 'score': 0.962313711643219}, {'label': 'POSITIVE', 'score': 0.9996472597122192}, {'label': 'POSITIVE', 'score': 0.9274746775627136}, {'label': 'POSITIVE', 'score': 0.9998663663864136}, {'label': 'POSITIVE', 'score': 0.991947591304779}, {'label': 'POSITIVE', 'score': 0.8094701766967773}]"
Amores perros,2000,"['<pad>', 'Three', 'stories', 'inter', 't', 'win', 'e', 'in', 'this', 'Mexican', 'film', ':', 'a', 'man', 'who', 'engage', 's', 'in', 'dog', 'fight', 's', ',', 'a', 'model', 'who', 'suffers', 'a', 'car', 'accident', 'and', 'a', 'woman', 'who', 'abandon', 's', 'her', 'husband', '.', 'The', 'film', 'explore', 's', 'themes', 'such', 'as', 'love', ',', 'betrayal', 'and', 'violence', '.', '</s>']","['<pad>', '""', 'A', 'more', 's', 'dogs', 'is', 'an', 'intense', 'and', 'moving', 'film', 'that', 'will', 'keep', 'you', 'glue', 'd', 'to', 'the', 'screen', '.', 'Alejandro', 'Gonz', 'á', 'lez', 'I', 'ñ', 'á', 'rri', 'tu', ""'"", 's', 'direction', 'is', 'master', 'ful', ',', 'and', 'the', 'actors', ""'"", 'performance', 'is', 'impressive', '.""', '</s>']",Spanish,"[{'label': 'NEGATIVE', 'score': 0.7252832055091858}, {'label': 'POSITIVE', 'score': 0.9775683879852295}, {'label': 'POSITIVE', 'score': 0.9872909188270569}, {'label': 'POSITIVE', 'score': 0.9968525767326355}, {'label': 'POSITIVE', 'score': 0.962313711643219}, {'label': 'POSITIVE', 'score': 0.996259331703186}, {'label': 'POSITIVE', 'score': 0.9274746775627136}, {'label': 'POSITIVE', 'score': 0.992645263671875}, {'label': 'POSITIVE', 'score': 0.9997931122779846}, {'label': 'POSITIVE', 'score': 0.9708179831504822}, {'label': 'POSITIVE', 'score': 0.9998663663864136}, {'label': 'POSITIVE', 'score': 0.9975987076759338}, {'label': 'POSITIVE', 'score': 0.9894816875457764}, {'label': 'POSITIVE', 'score': 0.9996687173843384}, {'label': 'POSITIVE', 'score': 0.9988995790481567}, {'label': 'POSITIVE', 'score': 0.9991247057914734}, {'label': 'NEGATIVE', 'score': 0.9575108289718628}, {'label': 'POSITIVE', 'score': 0.9728984832763672}, {'label': 'POSITIVE', 'score': 0.9652853012084961}, {'label': 'POSITIVE', 'score': 0.9635980725288391}, {'label': 'POSITIVE', 'score': 0.9949365854263306}, {'label': 'POSITIVE', 'score': 0.9668781757354736}, {'label': 'POSITIVE', 'score': 0.9953975081443787}, {'label': 'POSITIVE', 'score': 0.9456085562705994}, {'label': 'POSITIVE', 'score': 0.9872909188270569}, {'label': 'NEGATIVE', 'score': 0.7162787914276123}, {'label': 'POSITIVE', 'score': 0.9797317385673523}, {'label': 'POSITIVE', 'score': 0.9506378173828125}, {'label': 'POSITIVE', 'score': 0.9872909188270569}, {'label': 'NEGATIVE', 'score': 0.8506408929824829}, {'label': 'POSITIVE', 'score': 0.9911978840827942}, {'label': 'POSITIVE', 'score': 0.9618720412254333}, {'label': 'POSITIVE', 'score': 0.962313711643219}, {'label': 'POSITIVE', 'score': 0.9917317032814026}, {'label': 'POSITIVE', 'score': 0.9274746775627136}, {'label': 'POSITIVE', 'score': 0.9996134638786316}, {'label': 'NEGATIVE', 'score': 0.981468141078949}, {'label': 'POSITIVE', 'score': 0.8923608660697937}, {'label': 'POSITIVE', 'score': 0.9708179831504822}, {'label': 'POSITIVE', 'score': 0.9635980725288391}, {'label': 'POSITIVE', 'score': 0.9910022616386414}, {'label': 'POSITIVE', 'score': 0.9618720412254333}, {'label': 'POSITIVE', 'score': 0.9996472597122192}, {'label': 'POSITIVE', 'score': 0.9274746775627136}, {'label': 'POSITIVE', 'score': 0.999863862991333}, {'label': 'POSITIVE', 'score': 0.991947591304779}, {'label': 'POSITIVE', 'score': 0.8094701766967773}]"
Águila Roja ,(2009-2016),"['<pad>', 'This', 'Spanish', 'television', 'series', 'follows', 'the', 'adventures', 'of', 'a', 'vigilant', 'e', 'mask', 'ed', 'in', 'the', '17', 'th', 'century', '.', 'The', 'series', 'was', 'criticized', 'for', 'its', 'lack', 'of', 'historical', 'precision', 'and', 'predictable', 'plot', '.', '</s>']","['<pad>', '""', 'R', 'ed', 'Eagle', 'is', 'a', 'boring', 'and', 'un', 'interest', 'ing', 'series', 'that', 'fails', 'to', 'capture', 'the', 'historical', 'era', 'in', 'which', 'it', 'unfold', 's', '.', 'The', 'performance', 'is', 'me', 'dio', 'c', 're', 'and', 'the', 'plot', 'is', 'predictable', 'and', 'un', 'ex', 'ci', 'ting', '.""', '</s>']",Spanish,"[{'label': 'NEGATIVE', 'score': 0.7252832055091858}, {'label': 'POSITIVE', 'score': 0.9775683879852295}, {'label': 'POSITIVE', 'score': 0.9881240725517273}, {'label': 'POSITIVE', 'score': 0.9829371571540833}, {'label': 'POSITIVE', 'score': 0.9954487681388855}, {'label': 'POSITIVE', 'score': 0.9274746775627136}, {'label': 'POSITIVE', 'score': 0.9872909188270569}, {'label': 'NEGATIVE', 'score': 0.9997890591621399}, {'label': 'POSITIVE', 'score': 0.9708179831504822}, {'label': 'NEGATIVE', 'score': 0.9960596561431885}, {'label': 'POSITIVE', 'score': 0.9994140863418579}, {'label': 'POSITIVE', 'score': 0.9938780665397644}, {'label': 'POSITIVE', 'score': 0.9586288332939148}, {'label': 'POSITIVE', 'score': 0.9894816875457764}, {'label': 'NEGATIVE', 'score': 0.999755322933197}, {'label': 'POSITIVE', 'score': 0.9652853012084961}, {'label': 'POSITIVE', 'score': 0.9995548129081726}, {'label': 'POSITIVE', 'score': 0.9635980725288391}, {'label': 'POSITIVE', 'score': 0.9981610178947449}, {'label': 'POSITIVE', 'score': 0.9840822219848633}, {'label': 'POSITIVE', 'score': 0.9789573550224304}, {'label': 'POSITIVE', 'score': 0.9927626252174377}, {'label': 'POSITIVE', 'score': 0.9926723837852478}, {'label': 'POSITIVE', 'score': 0.8067652583122253}, {'label': 'POSITIVE', 'score': 0.962313711643219}, {'label': 'POSITIVE', 'score': 0.9668781757354736}, {'label': 'POSITIVE', 'score': 0.9635980725288391}, {'label': 'POSITIVE', 'score': 0.9996472597122192}, {'label': 'POSITIVE', 'score': 0.9274746775627136}, {'label': 'POSITIVE', 'score': 0.9947214126586914}, {'label': 'NEGATIVE', 'score': 0.5884137749671936}, {'label': 'POSITIVE', 'score': 0.9845702052116394}, {'label': 'POSITIVE', 'score': 0.9896560907363892}, {'label': 'POSITIVE', 'score': 0.9708179831504822}, {'label': 'POSITIVE', 'score': 0.9635980725288391}, {'label': 'POSITIVE', 'score': 0.9954723119735718}, {'label': 'POSITIVE', 'score': 0.9274746775627136}, {'label': 'NEGATIVE', 'score': 0.9997941851615906}, {'label': 'POSITIVE', 'score': 0.9708179831504822}, {'label': 'NEGATIVE', 'score': 0.9960596561431885}, {'label': 'NEGATIVE', 'score': 0.9963294863700867}, {'label': 'POSITIVE', 'score': 0.9942848086357117}, {'label': 'NEGATIVE', 'score': 0.5756641626358032}, {'label': 'POSITIVE', 'score': 0.991947591304779}, {'label': 'POSITIVE', 'score': 0.8094701766967773}]"
Toc Toc,2017,"['<pad>', 'In', 'this', 'Spanish', 'comedy', ',', 'a', 'group', 'of', 'people', 'with', 'ob', 'ses', 'sive', '-', 'com', 'pul', 'sive', 'disorders', 'are', 'in', 'the', 'waiting', 'room', 'of', 'a', 'psychiatrist', '.', 'The', 'film', 'was', 'criticized', 'for', 'its', 'repetitive', 'joke', 's', 'and', 'lack', 'of', 'original', 'ity', '.', '</s>']","['<pad>', '""', 'To', 'c', 'To', 'c', 'is', 'a', 'boring', 'and', 'un', 'ori', 'gin', 'al', 'film', 'that', 'abuses', 'the', 'same', 'joke', 's', 'over', 'and', 'over', 'again', '.', 'Character', 's', 'are', 'stereotype', 'd', 'and', 'the', 'plot', 'is', 'predictable', 'and', 'meaningless', '.""', '</s>']",Spanish,"[{'label': 'NEGATIVE', 'score': 0.7252832055091858}, {'label': 'POSITIVE', 'score': 0.9775683879852295}, {'label': 'POSITIVE', 'score': 0.9652853012084961}, {'label': 'POSITIVE', 'score': 0.9845702052116394}, {'label': 'POSITIVE', 'score': 0.9652853012084961}, {'label': 'POSITIVE', 'score': 0.9845702052116394}, {'label': 'POSITIVE', 'score': 0.9274746775627136}, {'label': 'POSITIVE', 'score': 0.9872909188270569}, {'label': 'NEGATIVE', 'score': 0.9997890591621399}, {'label': 'POSITIVE', 'score': 0.9708179831504822}, {'label': 'NEGATIVE', 'score': 0.9960596561431885}, {'label': 'POSITIVE', 'score': 0.9693307876586914}, {'label': 'NEGATIVE', 'score': 0.8824083805084229}, {'label': 'POSITIVE', 'score': 0.9902620911598206}, {'label': 'POSITIVE', 'score': 0.9975987076759338}, {'label': 'POSITIVE', 'score': 0.9894816875457764}, {'label': 'NEGATIVE', 'score': 0.9991733431816101}, {'label': 'POSITIVE', 'score': 0.9635980725288391}, {'label': 'NEGATIVE', 'score': 0.9845882058143616}, {'label': 'NEGATIVE', 'score': 0.9981196522712708}, {'label': 'POSITIVE', 'score': 0.962313711643219}, {'label': 'NEGATIVE', 'score': 0.9339755773544312}, {'label': 'POSITIVE', 'score': 0.9708179831504822}, {'label': 'NEGATIVE', 'score': 0.9339755773544312}, {'label': 'POSITIVE', 'score': 0.9931314587593079}, {'label': 'POSITIVE', 'score': 0.9668781757354736}, {'label': 'POSITIVE', 'score': 0.9925409555435181}, {'label': 'POSITIVE', 'score': 0.962313711643219}, {'label': 'POSITIVE', 'score': 0.9784748554229736}, {'label': 'NEGATIVE', 'score': 0.9943869113922119}, {'label': 'POSITIVE', 'score': 0.9728984832763672}, {'label': 'POSITIVE', 'score': 0.9708179831504822}, {'label': 'POSITIVE', 'score': 0.9635980725288391}, {'label': 'POSITIVE', 'score': 0.9954723119735718}, {'label': 'POSITIVE', 'score': 0.9274746775627136}, {'label': 'NEGATIVE', 'score': 0.9997941851615906}, {'label': 'POSITIVE', 'score': 0.9708179831504822}, {'label': 'NEGATIVE', 'score': 0.9997925162315369}, {'label': 'POSITIVE', 'score': 0.991947591304779}, {'label': 'POSITIVE', 'score': 0.8094701766967773}]"
El Bar,2017,"['<pad>', 'A', 'group', 'of', 'people', 'are', 'trapped', 'in', 'a', 'bar', 'after', 'Madrid', 'suffers', 'a', 'black', 'out', '.', 'The', 'film', 'was', 'criticized', 'for', 'its', 'lack', 'of', 'consistency', 'and', 'absurd', 'plot', '.', '</s>']","['<pad>', '""', 'The', 'Bar', 'is', 'a', 'ridiculous', 'and', 'meaningless', 'film', 'that', 'fails', 'to', 'create', 'an', 'atmosphere', 'of', 'tension', 'or', 'suspense', '.', 'The', 'performance', 'is', 'me', 'dio', 'c', 're', 'and', 'the', 'plot', 'is', 'absurd', 'and', 'unlikely', '.""', '</s>']",Spanish,"[{'label': 'NEGATIVE', 'score': 0.7252832055091858}, {'label': 'POSITIVE', 'score': 0.9775683879852295}, {'label': 'POSITIVE', 'score': 0.9635980725288391}, {'label': 'NEGATIVE', 'score': 0.8669866323471069}, {'label': 'POSITIVE', 'score': 0.9274746775627136}, {'label': 'POSITIVE', 'score': 0.9872909188270569}, {'label': 'NEGATIVE', 'score': 0.9996989965438843}, {'label': 'POSITIVE', 'score': 0.9708179831504822}, {'label': 'NEGATIVE', 'score': 0.9997925162315369}, {'label': 'POSITIVE', 'score': 0.9975987076759338}, {'label': 'POSITIVE', 'score': 0.9894816875457764}, {'label': 'NEGATIVE', 'score': 0.999755322933197}, {'label': 'POSITIVE', 'score': 0.9652853012084961}, {'label': 'POSITIVE', 'score': 0.9996337890625}, {'label': 'POSITIVE', 'score': 0.992645263671875}, {'label': 'POSITIVE', 'score': 0.9958315491676331}, {'label': 'POSITIVE', 'score': 0.9193395972251892}, {'label': 'NEGATIVE', 'score': 0.9879953265190125}, {'label': 'NEGATIVE', 'score': 0.5685815811157227}, {'label': 'POSITIVE', 'score': 0.9996461868286133}, {'label': 'POSITIVE', 'score': 0.9668781757354736}, {'label': 'POSITIVE', 'score': 0.9635980725288391}, {'label': 'POSITIVE', 'score': 0.9996472597122192}, {'label': 'POSITIVE', 'score': 0.9274746775627136}, {'label': 'POSITIVE', 'score': 0.9947214126586914}, {'label': 'NEGATIVE', 'score': 0.5884137749671936}, {'label': 'POSITIVE', 'score': 0.9845702052116394}, {'label': 'POSITIVE', 'score': 0.9896560907363892}, {'label': 'POSITIVE', 'score': 0.9708179831504822}, {'label': 'POSITIVE', 'score': 0.9635980725288391}, {'label': 'POSITIVE', 'score': 0.9954723119735718}, {'label': 'POSITIVE', 'score': 0.9274746775627136}, {'label': 'NEGATIVE', 'score': 0.9996281862258911}, {'label': 'POSITIVE', 'score': 0.9708179831504822}, {'label': 'POSITIVE', 'score': 0.8516094088554382}, {'label': 'POSITIVE', 'score': 0.991947591304779}, {'label': 'POSITIVE', 'score': 0.8094701766967773}]"
Torrente: El brazo tonto de la ley,1998,"['<pad>', 'In', 'this', 'Spanish', 'comedy', ',', 'a', 'corrupt', 'cop', '(', 'play', 'ed', 'by', 'Santiago', 'Segura', ')', 'tries', 'to', 'solve', 'a', 'murder', 'case', '.', 'The', 'film', 'was', 'criticized', 'for', 'its', 'offensive', 'joke', 's', 'and', 'lack', 'of', 'grace', '.', '</s>']","['<pad>', '""', 'T', 'or', 'rente', 'is', 'a', 'vulgar', 'and', 'offensive', 'film', 'that', 'abuses', 'stereotypes', 'and', 'easy', 'joke', 's', '.', 'Acting', 'is', 'poor', 'and', 'the', 'plot', 'is', 'inconsistent', 'and', 'inconsistent', '.""', '</s>']",Spanish,"[{'label': 'NEGATIVE', 'score': 0.7252832055091858}, {'label': 'POSITIVE', 'score': 0.9775683879852295}, {'label': 'NEGATIVE', 'score': 0.9681645035743713}, {'label': 'NEGATIVE', 'score': 0.5685815811157227}, {'label': 'NEGATIVE', 'score': 0.9541523456573486}, {'label': 'POSITIVE', 'score': 0.9274746775627136}, {'label': 'POSITIVE', 'score': 0.9872909188270569}, {'label': 'NEGATIVE', 'score': 0.9997727274894714}, {'label': 'POSITIVE', 'score': 0.9708179831504822}, {'label': 'NEGATIVE', 'score': 0.9997712969779968}, {'label': 'POSITIVE', 'score': 0.9975987076759338}, {'label': 'POSITIVE', 'score': 0.9894816875457764}, {'label': 'NEGATIVE', 'score': 0.9991733431816101}, {'label': 'NEGATIVE', 'score': 0.9992150068283081}, {'label': 'POSITIVE', 'score': 0.9708179831504822}, {'label': 'POSITIVE', 'score': 0.9972309470176697}, {'label': 'NEGATIVE', 'score': 0.9981196522712708}, {'label': 'POSITIVE', 'score': 0.962313711643219}, {'label': 'POSITIVE', 'score': 0.9668781757354736}, {'label': 'POSITIVE', 'score': 0.9936178922653198}, {'label': 'POSITIVE', 'score': 0.9274746775627136}, {'label': 'NEGATIVE', 'score': 0.9997912049293518}, {'label': 'POSITIVE', 'score': 0.9708179831504822}, {'label': 'POSITIVE', 'score': 0.9635980725288391}, {'label': 'POSITIVE', 'score': 0.9954723119735718}, {'label': 'POSITIVE', 'score': 0.9274746775627136}, {'label': 'NEGATIVE', 'score': 0.9994561076164246}, {'label': 'POSITIVE', 'score': 0.9708179831504822}, {'label': 'NEGATIVE', 'score': 0.9994561076164246}, {'label': 'POSITIVE', 'score': 0.991947591304779}, {'label': 'POSITIVE', 'score': 0.8094701766967773}]"
El Incidente,2014,"['<pad>', 'In', 'this', 'Mexican', 'horror', 'film', ',', 'a', 'group', 'of', 'people', 'get', 'trapped', 'in', 'an', 'elevator', 'and', 'begin', 'to', 'experience', 'para', 'normal', 'phenomena', '.', 'The', 'film', 'was', 'criticized', 'for', 'its', 'lack', 'of', 'original', 'ity', 'and', 'predictable', 'plot', '.', '</s>']","['<pad>', '""', 'The', 'Inc', 'ident', 'is', 'a', 'boring', 'and', 'f', 'right', 'less', 'film', 'that', 'fails', 'to', 'create', 'an', 'atmosphere', 'of', 'fear', 'or', 'tension', '.', 'Acting', 'is', 'me', 'dio', 'c', 're', 'and', 'the', 'plot', 'is', 'predictable', 'and', 'un', 'ex', 'ci', 'ting', '.""', '</s>']",Spanish,"[{'label': 'NEGATIVE', 'score': 0.7252832055091858}, {'label': 'POSITIVE', 'score': 0.9775683879852295}, {'label': 'POSITIVE', 'score': 0.9635980725288391}, {'label': 'POSITIVE', 'score': 0.5712639093399048}, {'label': 'NEGATIVE', 'score': 0.9040411710739136}, {'label': 'POSITIVE', 'score': 0.9274746775627136}, {'label': 'POSITIVE', 'score': 0.9872909188270569}, {'label': 'NEGATIVE', 'score': 0.9997890591621399}, {'label': 'POSITIVE', 'score': 0.9708179831504822}, {'label': 'NEGATIVE', 'score': 0.7622148990631104}, {'label': 'POSITIVE', 'score': 0.9998270869255066}, {'label': 'NEGATIVE', 'score': 0.9940166473388672}, {'label': 'POSITIVE', 'score': 0.9975987076759338}, {'label': 'POSITIVE', 'score': 0.9894816875457764}, {'label': 'NEGATIVE', 'score': 0.999755322933197}, {'label': 'POSITIVE', 'score': 0.9652853012084961}, {'label': 'POSITIVE', 'score': 0.9996337890625}, {'label': 'POSITIVE', 'score': 0.992645263671875}, {'label': 'POSITIVE', 'score': 0.9958315491676331}, {'label': 'POSITIVE', 'score': 0.9193395972251892}, {'label': 'NEGATIVE', 'score': 0.9980984330177307}, {'label': 'NEGATIVE', 'score': 0.5685815811157227}, {'label': 'NEGATIVE', 'score': 0.9879953265190125}, {'label': 'POSITIVE', 'score': 0.9668781757354736}, {'label': 'POSITIVE', 'score': 0.9936178922653198}, {'label': 'POSITIVE', 'score': 0.9274746775627136}, {'label': 'POSITIVE', 'score': 0.9947214126586914}, {'label': 'NEGATIVE', 'score': 0.5884137749671936}, {'label': 'POSITIVE', 'score': 0.9845702052116394}, {'label': 'POSITIVE', 'score': 0.9896560907363892}, {'label': 'POSITIVE', 'score': 0.9708179831504822}, {'label': 'POSITIVE', 'score': 0.9635980725288391}, {'label': 'POSITIVE', 'score': 0.9954723119735718}, {'label': 'POSITIVE', 'score': 0.9274746775627136}, {'label': 'NEGATIVE', 'score': 0.9997941851615906}, {'label': 'POSITIVE', 'score': 0.9708179831504822}, {'label': 'NEGATIVE', 'score': 0.9960596561431885}, {'label': 'NEGATIVE', 'score': 0.9963294863700867}, {'label': 'POSITIVE', 'score': 0.9942848086357117}, {'label': 'NEGATIVE', 'score': 0.5756641626358032}, {'label': 'POSITIVE', 'score': 0.991947591304779}, {'label': 'POSITIVE', 'score': 0.8094701766967773}]"
Movie / TV Series,Year,Synopsis,Review,English,"[{'label': 'POSITIVE', 'score': 0.9946893453598022}]"
The Shawshank Redemption ,1994,"Andy Dufresne (Tim Robbins), a successful banker, is wrongfully convicted of murdering his wife and her lover. He befriends a fellow inmate, Red (Morgan Freeman), and uses his banking skills to help the prison staff, eventually gaining their respect.","""The Shawshank Redemption is an inspiring tale of hope and friendship, with outstanding performances by Tim Robbins and Morgan Freeman. The story is incredibly moving and will stay with you long after the credits roll.""",English,"[{'label': 'POSITIVE', 'score': 0.9998880624771118}]"
The Dark Knight ,2008,"Batman (Christian Bale) teams up with District Attorney Harvey Dent (Aaron Eckhart) and Police Lieutenant Jim Gordon (Gary Oldman) to take down the Joker (Heath Ledger), who is terrorizing Gotham City.","""The Dark Knight is a thrilling and intense superhero movie, with outstanding performances by Heath Ledger as the Joker and Christian Bale as Batman. The film keeps you on the edge of your seat from start to finish, and the action sequences are some of the best in the genre.""",English,"[{'label': 'POSITIVE', 'score': 0.9998817443847656}]"
Forrest Gump,1994,Forrest Gump (Tom Hanks) is a simple man with a low IQ who becomes involved in some of the major events of the 20th century. He falls in love with his childhood friend Jenny (Robin Wright) and tries to help her through her struggles.,"""Forrest Gump is a heartwarming and inspirational movie, with a fantastic performance by Tom Hanks in the lead role. The film is a powerful reminder of the value of friendship and the importance of perseverance in the face of adversity.""",English,"[{'label': 'POSITIVE', 'score': 0.999884843826294}]"
The Godfather ,1972,"Don Vito Corleone (Marlon Brando) is the head of a powerful Mafia family in New York City. When he is shot and nearly killed, his son Michael (Al Pacino) takes over the family business, becoming embroiled in a web of violence and betrayal.","""The Godfather is a classic movie that stands the test of time, with outstanding performances by Marlon Brando and Al Pacino. The film is a masterclass in storytelling, with a gripping plot and memorable characters that keep you engaged from start to finish.""",English,"[{'label': 'POSITIVE', 'score': 0.999883770942688}]"
Inception,2010,Dom Cobb (Leonardo DiCaprio) is a skilled thief who enters people's dreams to steal their secrets. He is hired by a wealthy businessman to perform a seemingly impossible task: to implant an idea in someone's mind.,"""Inception is a mind-bending and visually stunning movie, with outstanding performances by Leonardo DiCaprio and the rest of the cast. The film is a masterpiece of storytelling, with a complex plot that keeps you guessing until the very end.""",English,"[{'label': 'POSITIVE', 'score': 0.999885082244873}]"
Blade Runner 2049,2017,"Officer K (Ryan Gosling), a new blade runner for the LAPD, unearths a long-buried secret that has the potential to plunge what's left of society into chaos. His discovery leads him on a quest to find Rick Deckard (Harrison Ford), a former blade runner who's been missing for 30 years.","""Boring and too long. Nothing like the original movie."" - IMDb user review",English,"[{'label': 'NEGATIVE', 'score': 0.9996751546859741}]"
Scott Pilgrim vs. the World,2010,Scott Pilgrim (Michael Cera) must defeat his new girlfriend's seven evil exes in order to win her heart.,"""It was difficult to sit through the whole thing. Annoying, unfunny and not very interesting."" - Rotten Tomatoes user review",English,"[{'label': 'NEGATIVE', 'score': 0.9998021721839905}]"
The Nice Guys,2016,"In 1970s Los Angeles, a private eye (Ryan Gosling) and a tough enforcer (Russell Crowe) investigate the disappearance of a young woman and the death of a star.","""The Nice Guys tries too hard to be funny, and the result is a disjointed mess of a movie."" - Metacritic user review",English,"[{'label': 'NEGATIVE', 'score': 0.9998024106025696}]"
Solo: A Star Wars Story,2018,A young Han Solo (Alden Ehrenreich) joins a group of smugglers to pull off a dangerous heist.,"""Dull and pointless, with none of the magic of the original Star Wars movies."" - IMDb user review",English,"[{'label': 'NEGATIVE', 'score': 0.9997988343238831}]"
The Island,2005,"In a future where people are cloned for organ harvesting, Lincoln Six Echo (Ewan McGregor) and Jordan Two Delta (Scarlett Johansson) escape their facility and go on the run.","""The Island is a bland and forgettable sci-fi thriller that wastes a talented cast on a tired and derivative plot."" - Rotten Tomatoes user review",English,"[{'label': 'NEGATIVE', 'score': 0.999816358089447}]"
